{
  "val_accuracy": [
    0.9333333373069763,
    0.9666666388511658,
    0.9666666388511658,
    1.0,
    0.9833333492279053,
    1.0,
    1.0,
    1.0,
    1.0,
    1.0,
    0.6666666865348816,
    0.9666666388511658,
    1.0,
    1.0,
    0.9666666388511658,
    0.9833333492279053,
    0.7666666507720947,
    1.0
  ],
  "loss": [
    0.5277079343795776,
    0.168297678232193,
    0.15283681452274323,
    0.12100756168365479,
    0.12511461973190308,
    0.12896589934825897,
    0.12024747580289841,
    0.08400899171829224,
    0.09200871735811234,
    0.08275941014289856,
    0.09803694486618042,
    0.06111670657992363,
    0.03430924192070961,
    0.0247223861515522,
    0.019312875345349312,
    0.049963898956775665,
    0.027980443090200424,
    0.02385178580880165
  ],
  "val_loss": [
    0.11400168389081955,
    0.05753122270107269,
    0.05795906484127045,
    0.020664453506469727,
    0.06431639939546585,
    0.020568856969475746,
    0.017504334449768066,
    0.019029058516025543,
    0.022687364369630814,
    0.0276784785091877,
    6.023027420043945,
    0.07639461010694504,
    0.005192102398723364,
    0.0033151102252304554,
    0.21403692662715912,
    0.07594338059425354,
    0.7826273441314697,
    0.007556258700788021
  ],
  "learning_rate": [
    0.0010000000474974513,
    0.0010000000474974513,
    0.0010000000474974513,
    0.0010000000474974513,
    0.0010000000474974513,
    0.0010000000474974513,
    0.0005000000237487257,
    0.0005000000237487257,
    0.0005000000237487257,
    0.0002500000118743628,
    9.999999747378752e-05,
    9.999999747378752e-05,
    9.999999747378752e-05,
    9.999999747378752e-05,
    9.999999747378752e-05,
    9.999999747378752e-05,
    4.999999873689376e-05,
    4.999999873689376e-05
  ],
  "accuracy": [
    0.8063539862632751,
    0.9379727840423584,
    0.9440242052078247,
    0.9546142220497131,
    0.9531013369560242,
    0.9576399326324463,
    0.9561271071434021,
    0.9682299494743347,
    0.9652042388916016,
    0.9720121026039124,
    0.9689863920211792,
    0.9788199663162231,
    0.9894099831581116,
    0.9931921362876892,
    0.9939485788345337,
    0.9848713874816895,
    0.9909228682518005,
    0.9939485788345337
  ]
}