{
  "accuracy": [
    0.5204235911369324,
    0.6475037932395935,
    0.7140696048736572,
    0.7314674854278564,
    0.8509833812713623,
    0.8767019510269165,
    0.8842662572860718,
    0.9001513123512268,
    0.92738276720047,
    0.9130105972290039,
    0.925869882106781,
    0.9379727840423584,
    0.9152798652648926,
    0.9553706645965576,
    0.95158851146698,
    0.9561271071434021,
    0.9523449540138245,
    0.9652042388916016,
    0.9704992175102234,
    0.9712556600570679
  ],
  "loss": [
    1.0173410177230835,
    0.73787921667099,
    0.6529064774513245,
    0.658843457698822,
    0.4295403063297272,
    0.3942987322807312,
    0.37868842482566833,
    0.3248865604400635,
    0.2746860086917877,
    0.2779037058353424,
    0.2548166513442993,
    0.23009224236011505,
    0.2599087953567505,
    0.16855977475643158,
    0.15958736836910248,
    0.15911366045475006,
    0.15919291973114014,
    0.12130653858184814,
    0.11736047267913818,
    0.11252103745937347
  ],
  "val_accuracy": [
    0.5333333611488342,
    0.6166666746139526,
    0.6833333373069763,
    0.75,
    0.8666666746139526,
    0.6666666865348816,
    0.8333333134651184,
    0.8999999761581421,
    0.8666666746139526,
    0.9333333373069763,
    0.9166666865348816,
    0.9166666865348816,
    0.8999999761581421,
    0.8999999761581421,
    0.9166666865348816,
    0.8999999761581421,
    0.949999988079071,
    0.9166666865348816,
    0.9166666865348816,
    0.9166666865348816
  ],
  "val_loss": [
    0.9538116455078125,
    0.6966045498847961,
    0.6511508822441101,
    0.5614538788795471,
    0.4735804498195648,
    1.0191861391067505,
    0.44881847500801086,
    0.3898925185203552,
    0.3172416687011719,
    0.30072376132011414,
    0.30622002482414246,
    0.3161693811416626,
    0.2828981578350067,
    0.3295630216598511,
    0.2770180404186249,
    0.3551596403121948,
    0.28447312116622925,
    0.3074627220630646,
    0.3099330961704254,
    0.31432822346687317
  ],
  "learning_rate": [
    0.0010000000474974513,
    0.0010000000474974513,
    0.0010000000474974513,
    0.0010000000474974513,
    0.0010000000474974513,
    0.0010000000474974513,
    0.0010000000474974513,
    0.0010000000474974513,
    0.0010000000474974513,
    0.0010000000474974513,
    0.0010000000474974513,
    0.0010000000474974513,
    0.0005000000237487257,
    0.0005000000237487257,
    0.0005000000237487257,
    0.0005000000237487257,
    0.0005000000237487257,
    0.0002500000118743628,
    0.0002500000118743628,
    0.0001250000059371814
  ]
}