{
  "accuracy": [
    0.9046898484230042,
    0.9704992175102234,
    0.9765506982803345,
    0.9833585619926453,
    0.9841150045394897,
    0.9826021194458008,
    0.9818456768989563,
    0.9856278300285339,
    0.9894099831581116,
    0.9886535406112671,
    0.9871407151222229
  ],
  "loss": [
    0.2604256570339203,
    0.09247159212827682,
    0.08578717708587646,
    0.0663238987326622,
    0.04761689901351929,
    0.052879951894283295,
    0.0592280849814415,
    0.03744111955165863,
    0.03733671084046364,
    0.03448519855737686,
    0.038298349827528
  ],
  "val_accuracy": [
    0.9833333492279053,
    1.0,
    0.9833333492279053,
    0.9666666388511658,
    0.9833333492279053,
    1.0,
    0.9833333492279053,
    0.9666666388511658,
    0.9833333492279053,
    0.9666666388511658,
    0.9833333492279053
  ],
  "val_loss": [
    0.06828747689723969,
    0.04222945123910904,
    0.05784265324473381,
    0.04575847089290619,
    0.02945675700902939,
    0.024681124836206436,
    0.03558297082781792,
    0.05457954481244087,
    0.05980914831161499,
    0.07424397021532059,
    0.06914857774972916
  ],
  "learning_rate": [
    0.0010000000474974513,
    0.0010000000474974513,
    0.0010000000474974513,
    0.0010000000474974513,
    0.0005000000237487257,
    0.0005000000237487257,
    0.0005000000237487257,
    0.0005000000237487257,
    0.0002500000118743628,
    0.0002500000118743628,
    0.0001250000059371814
  ]
}