{
  "accuracy": [
    0.8003025650978088,
    0.92738276720047,
    0.9478063583374023,
    0.9478063583374023,
    0.9553706645965576,
    0.9591528177261353,
    0.9553706645965576,
    0.9674735069274902,
    0.9576399326324463,
    0.965960681438446,
    0.9652042388916016,
    0.9712556600570679,
    0.97579425573349,
    0.9735249876976013,
    0.9667171239852905
  ],
  "loss": [
    0.5048007965087891,
    0.18711696565151215,
    0.15361809730529785,
    0.13020673394203186,
    0.11797139793634415,
    0.11653384566307068,
    0.10538356751203537,
    0.08948953449726105,
    0.1185310035943985,
    0.09669063240289688,
    0.09887205809354782,
    0.096702940762043,
    0.07280898839235306,
    0.0755918025970459,
    0.0832357332110405
  ],
  "val_accuracy": [
    0.9666666388511658,
    0.9833333492279053,
    0.9833333492279053,
    0.9833333492279053,
    0.9666666388511658,
    0.9833333492279053,
    0.9833333492279053,
    1.0,
    0.9666666388511658,
    0.9666666388511658,
    1.0,
    1.0,
    0.9833333492279053,
    1.0,
    1.0
  ],
  "val_loss": [
    0.05442033335566521,
    0.04160160943865776,
    0.0467616505920887,
    0.04387964680790901,
    0.07004285603761673,
    0.05094969645142555,
    0.040258441120386124,
    0.03389010205864906,
    0.04453873634338379,
    0.04511652886867523,
    0.03469951078295708,
    0.032810408622026443,
    0.03740769997239113,
    0.03106987103819847,
    0.030897291377186775
  ],
  "learning_rate": [
    0.0010000000474974513,
    0.0010000000474974513,
    0.0010000000474974513,
    0.0010000000474974513,
    0.0005000000237487257,
    0.0005000000237487257,
    0.0002500000118743628,
    0.0002500000118743628,
    0.0002500000118743628,
    0.0002500000118743628,
    0.0001250000059371814,
    0.0001250000059371814,
    0.0001250000059371814,
    0.0001250000059371814,
    0.0001250000059371814
  ]
}