{
  "accuracy": [
    0.4077155888080597,
    0.6822995543479919,
    0.8396369218826294,
    0.8842662572860718,
    0.9069591760635376,
    0.9069591760635376,
    0.8721634149551392,
    0.9319213032722473,
    0.9349470734596252,
    0.9440242052078247,
    0.95158851146698,
    0.9394856095314026,
    0.9334341883659363,
    0.9553706645965576,
    0.9455370903015137,
    0.9538577795028687,
    0.9583963751792908,
    0.9667171239852905
  ],
  "loss": [
    1.5251998901367188,
    0.701488196849823,
    0.46924346685409546,
    0.39547550678253174,
    0.31335189938545227,
    0.3593086004257202,
    0.38858166337013245,
    0.25393974781036377,
    0.24786727130413055,
    0.21865154802799225,
    0.19219467043876648,
    0.20605604350566864,
    0.24725882709026337,
    0.18458104133605957,
    0.20412755012512207,
    0.16866737604141235,
    0.15239441394805908,
    0.13690254092216492
  ],
  "val_accuracy": [
    0.6333333253860474,
    0.7333333492279053,
    0.75,
    0.8333333134651184,
    0.8166666626930237,
    0.699999988079071,
    0.8666666746139526,
    0.8666666746139526,
    0.8666666746139526,
    0.9333333373069763,
    0.949999988079071,
    0.949999988079071,
    0.9333333373069763,
    0.949999988079071,
    0.949999988079071,
    0.9166666865348816,
    0.9333333373069763,
    0.9333333373069763
  ],
  "val_loss": [
    0.8716084957122803,
    0.5679294466972351,
    0.5663277506828308,
    0.32265910506248474,
    0.4152761399745941,
    1.0199352502822876,
    0.450697124004364,
    0.3192906081676483,
    0.35231584310531616,
    0.2808932065963745,
    0.246106818318367,
    0.21066130697727203,
    0.17186425626277924,
    0.22806771099567413,
    0.19962838292121887,
    0.21506528556346893,
    0.1925436556339264,
    0.1886076182126999
  ],
  "learning_rate": [
    0.0010000000474974513,
    0.0010000000474974513,
    0.0010000000474974513,
    0.0010000000474974513,
    0.0010000000474974513,
    0.0010000000474974513,
    0.0005000000237487257,
    0.0005000000237487257,
    0.0005000000237487257,
    0.0005000000237487257,
    0.0005000000237487257,
    0.0005000000237487257,
    0.0005000000237487257,
    0.0005000000237487257,
    0.0005000000237487257,
    0.0002500000118743628,
    0.0002500000118743628,
    0.0001250000059371814
  ]
}