{
  "val_accuracy": [
    0.9666666388511658,
    0.9833333492279053,
    0.9666666388511658,
    0.9666666388511658,
    0.9666666388511658,
    0.9666666388511658,
    0.9666666388511658,
    0.9666666388511658,
    0.9666666388511658,
    0.9833333492279053,
    1.0,
    1.0,
    1.0,
    1.0,
    0.9666666388511658,
    0.9833333492279053,
    0.9833333492279053,
    0.9833333492279053
  ],
  "loss": [
    0.31897687911987305,
    0.0951567217707634,
    0.0877085030078888,
    0.0730351060628891,
    0.07410218566656113,
    0.06360384821891785,
    0.04749435558915138,
    0.04474344849586487,
    0.045670125633478165,
    0.08262067288160324,
    0.05442989990115166,
    0.03331044316291809,
    0.018069768324494362,
    0.0075563411228358746,
    0.021209022030234337,
    0.007556784898042679,
    0.004859131295233965,
    0.006911411881446838
  ],
  "val_loss": [
    0.11175500601530075,
    0.06757578998804092,
    0.10978518426418304,
    0.05621681362390518,
    0.07600930333137512,
    0.07450737059116364,
    0.16270719468593597,
    0.10702119022607803,
    0.08335396647453308,
    0.0592380091547966,
    0.0137860719114542,
    0.01857968606054783,
    0.0023019355721771717,
    0.007232862524688244,
    0.0762481838464737,
    0.028669273480772972,
    0.05345691740512848,
    0.016074784100055695
  ],
  "learning_rate": [
    0.0010000000474974513,
    0.0010000000474974513,
    0.0010000000474974513,
    0.0010000000474974513,
    0.0010000000474974513,
    0.0010000000474974513,
    0.0005000000237487257,
    0.0005000000237487257,
    0.0002500000118743628,
    9.999999747378752e-05,
    9.999999747378752e-05,
    9.999999747378752e-05,
    9.999999747378752e-05,
    9.999999747378752e-05,
    9.999999747378752e-05,
    4.999999873689376e-05,
    4.999999873689376e-05,
    2.499999936844688e-05
  ],
  "accuracy": [
    0.8925870060920715,
    0.9697428345680237,
    0.9704992175102234,
    0.9780635237693787,
    0.9765506982803345,
    0.9810892343521118,
    0.9841150045394897,
    0.9856278300285339,
    0.9863842725753784,
    0.9720121026039124,
    0.9856278300285339,
    0.9894099831581116,
    0.9954614043235779,
    0.9977307319641113,
    0.9909228682518005,
    0.9977307319641113,
    0.998487114906311,
    0.998487114906311
  ]
}