{
  "accuracy": [
    0.9863842725753784,
    0.9871407151222229,
    0.9863842725753784,
    0.9886535406112671,
    0.9894099831581116,
    0.9856278300285339,
    0.9856278300285339,
    0.9856278300285339
  ],
  "loss": [
    0.04177214577794075,
    0.040137164294719696,
    0.03612973541021347,
    0.036394037306308746,
    0.035696178674697876,
    0.04147161543369293,
    0.03753034397959709,
    0.03896656259894371
  ],
  "val_accuracy": [
    1.0,
    1.0,
    1.0,
    1.0,
    1.0,
    1.0,
    1.0,
    1.0
  ],
  "val_loss": [
    0.005757880862802267,
    0.005800759885460138,
    0.0057776737958192825,
    0.005689653567969799,
    0.00551986088976264,
    0.005601240321993828,
    0.0057017444632947445,
    0.0057182470336556435
  ],
  "learning_rate": [
    9.999999747378752e-06,
    9.999999747378752e-06,
    4.999999873689376e-06,
    2.499999936844688e-06,
    1.249999968422344e-06,
    1.249999968422344e-06,
    6.24999984211172e-07,
    3.12499992105586e-07
  ]
}