{
  "accuracy": [
    0.7299546003341675,
    0.8562783598899841,
    0.8895612955093384,
    0.9281392097473145,
    0.950075626373291,
    0.9644477963447571,
    0.9583963751792908,
    0.9636913537979126,
    0.9735249876976013,
    0.9765506982803345,
    0.9765506982803345,
    0.9848713874816895,
    0.9810892343521118,
    0.9818456768989563,
    0.9803328514099121,
    0.9856278300285339,
    0.9871407151222229,
    0.9863842725753784,
    0.9826021194458008,
    0.9871407151222229,
    0.9916792511940002,
    0.9894099831581116,
    0.9878970980644226,
    0.9939485788345337,
    0.9886535406112671,
    0.9894099831581116,
    0.9924356937408447,
    0.9894099831581116,
    0.9931921362876892,
    0.9871407151222229,
    0.9878970980644226,
    0.9909228682518005,
    0.9894099831581116,
    0.9909228682518005,
    0.9931921362876892,
    0.9909228682518005,
    0.9947050213813782,
    0.9886535406112671,
    0.990166425704956,
    0.9878970980644226,
    0.9878970980644226,
    0.9939485788345337,
    0.9924356937408447,
    0.990166425704956,
    0.998487114906311,
    0.990166425704956,
    0.9878970980644226
  ],
  "loss": [
    1.9244613647460938,
    0.6112077832221985,
    0.3882961571216583,
    0.3047601580619812,
    0.17036812007427216,
    0.12272986024618149,
    0.12822690606117249,
    0.10306530445814133,
    0.0786188617348671,
    0.06842828541994095,
    0.06105561926960945,
    0.04969438537955284,
    0.05371550843119621,
    0.06390346586704254,
    0.0596906878054142,
    0.05199888348579407,
    0.04052019491791725,
    0.04467536136507988,
    0.0506531186401844,
    0.04516875371336937,
    0.031094543635845184,
    0.03014455735683441,
    0.02771042287349701,
    0.030128827318549156,
    0.030325893312692642,
    0.038042616099119186,
    0.02850741520524025,
    0.026489702984690666,
    0.023734502494335175,
    0.03240338712930679,
    0.02904350683093071,
    0.02470209449529648,
    0.027638500556349754,
    0.022277116775512695,
    0.02221197821199894,
    0.023384951055049896,
    0.019129905849695206,
    0.028696691617369652,
    0.037782397121191025,
    0.03385239467024803,
    0.03188082203269005,
    0.019870152696967125,
    0.020169081166386604,
    0.027519047260284424,
    0.01538066565990448,
    0.028389450162649155,
    0.03034542128443718
  ],
  "val_accuracy": [
    0.36666667461395264,
    0.5833333134651184,
    0.3333333432674408,
    0.3499999940395355,
    0.3499999940395355,
    0.5,
    0.5333333611488342,
    0.5666666626930237,
    0.6333333253860474,
    0.7333333492279053,
    0.800000011920929,
    0.8666666746139526,
    0.9333333373069763,
    0.949999988079071,
    0.9666666388511658,
    0.949999988079071,
    0.949999988079071,
    0.949999988079071,
    0.949999988079071,
    0.949999988079071,
    0.9666666388511658,
    0.9666666388511658,
    0.9833333492279053,
    0.949999988079071,
    0.9833333492279053,
    0.9833333492279053,
    0.9833333492279053,
    0.9833333492279053,
    0.9666666388511658,
    0.9666666388511658,
    0.9666666388511658,
    0.9666666388511658,
    0.949999988079071,
    0.9666666388511658,
    0.9666666388511658,
    0.9833333492279053,
    0.9833333492279053,
    0.9833333492279053,
    0.9833333492279053,
    0.9833333492279053,
    0.9833333492279053,
    0.9833333492279053,
    0.9833333492279053,
    0.9833333492279053,
    0.9833333492279053,
    0.9833333492279053,
    0.9833333492279053
  ],
  "val_loss": [
    2.4792075157165527,
    2.2130377292633057,
    8.864459037780762,
    9.35753345489502,
    8.4338960647583,
    7.040258407592773,
    6.190323829650879,
    3.9913649559020996,
    2.492856740951538,
    1.5767260789871216,
    0.8122760653495789,
    0.6299359202384949,
    0.4987308382987976,
    0.3346172869205475,
    0.18142922222614288,
    0.2077435851097107,
    0.14405402541160583,
    0.14270344376564026,
    0.20005792379379272,
    0.14153313636779785,
    0.13819842040538788,
    0.11929785460233688,
    0.07722364366054535,
    0.0846405029296875,
    0.10122374445199966,
    0.05280871316790581,
    0.043243445456027985,
    0.03957853838801384,
    0.04535572603344917,
    0.05646725371479988,
    0.06373331695795059,
    0.040708232671022415,
    0.043692007660865784,
    0.03521405905485153,
    0.03234642371535301,
    0.025109756737947464,
    0.026580270379781723,
    0.024235151708126068,
    0.021044613793492317,
    0.03298433870077133,
    0.03334690257906914,
    0.03226626291871071,
    0.037335991859436035,
    0.029751872643828392,
    0.027309106662869453,
    0.028188616037368774,
    0.029390573501586914
  ],
  "learning_rate": [
    0.0010000000474974513,
    0.0010000000474974513,
    0.0010000000474974513,
    0.0010000000474974513,
    0.0005000000237487257,
    0.0005000000237487257,
    0.0002500000118743628,
    0.0002500000118743628,
    0.0001250000059371814,
    0.0001250000059371814,
    0.0001250000059371814,
    0.0001250000059371814,
    0.0001250000059371814,
    0.0001250000059371814,
    0.0001250000059371814,
    0.0001250000059371814,
    0.0001250000059371814,
    0.0001250000059371814,
    0.0001250000059371814,
    0.0001250000059371814,
    0.0001250000059371814,
    0.0001250000059371814,
    0.0001250000059371814,
    0.0001250000059371814,
    0.0001250000059371814,
    6.25000029685907e-05,
    6.25000029685907e-05,
    6.25000029685907e-05,
    6.25000029685907e-05,
    6.25000029685907e-05,
    3.125000148429535e-05,
    3.125000148429535e-05,
    1.5625000742147677e-05,
    1.5625000742147677e-05,
    1.5625000742147677e-05,
    1.5625000742147677e-05,
    1.5625000742147677e-05,
    1.5625000742147677e-05,
    1.5625000742147677e-05,
    1.5625000742147677e-05,
    1.5625000742147677e-05,
    7.812500371073838e-06,
    7.812500371073838e-06,
    3.906250185536919e-06,
    3.906250185536919e-06,
    1.9531250927684596e-06,
    1.9531250927684596e-06
  ]
}