{
  "accuracy": [
    0.7322239279747009,
    0.8426626324653625,
    0.8585476279258728,
    0.8691376447677612,
    0.9024205803871155,
    0.92738276720047,
    0.9228441715240479,
    0.9251134395599365,
    0.9432677626609802,
    0.9546142220497131,
    0.9425113201141357,
    0.9349470734596252,
    0.9493191838264465,
    0.950075626373291,
    0.9674735069274902,
    0.9614220857620239,
    0.9735249876976013,
    0.9667171239852905,
    0.9704992175102234,
    0.9788199663162231,
    0.9833585619926453,
    0.9795764088630676,
    0.9788199663162231,
    0.9848713874816895,
    0.9886535406112671,
    0.9841150045394897,
    0.9878970980644226
  ],
  "loss": [
    5.159970760345459,
    1.2993146181106567,
    0.8569285869598389,
    0.5061196088790894,
    0.38625580072402954,
    0.28880345821380615,
    0.3119533956050873,
    0.29668477177619934,
    0.17325226962566376,
    0.15625907480716705,
    0.21719805896282196,
    0.2745492458343506,
    0.18200817704200745,
    0.13381987810134888,
    0.12015704065561295,
    0.11215247958898544,
    0.08513538539409637,
    0.1127869188785553,
    0.09245043992996216,
    0.05288650095462799,
    0.06320881098508835,
    0.06608595699071884,
    0.06532972306013107,
    0.03868228569626808,
    0.034594301134347916,
    0.04937395453453064,
    0.04310060665011406
  ],
  "val_accuracy": [
    0.3333333432674408,
    0.46666666865348816,
    0.38333332538604736,
    0.5333333611488342,
    0.4000000059604645,
    0.5833333134651184,
    0.46666666865348816,
    0.6166666746139526,
    0.5833333134651184,
    0.6666666865348816,
    0.5333333611488342,
    0.75,
    0.5833333134651184,
    0.8333333134651184,
    0.8333333134651184,
    0.9333333373069763,
    0.949999988079071,
    0.9333333373069763,
    0.9833333492279053,
    0.9166666865348816,
    0.8999999761581421,
    0.9166666865348816,
    0.9166666865348816,
    0.949999988079071,
    0.9333333373069763,
    0.9333333373069763,
    0.949999988079071
  ],
  "val_loss": [
    20.209455490112305,
    8.545228958129883,
    9.810511589050293,
    7.100233554840088,
    11.817209243774414,
    6.899461269378662,
    10.864416122436523,
    4.2586822509765625,
    2.8352179527282715,
    1.7392927408218384,
    3.5737297534942627,
    2.0966246128082275,
    2.283386707305908,
    1.1974637508392334,
    0.9349109530448914,
    0.48068830370903015,
    0.3716997504234314,
    0.3289346694946289,
    0.2265433669090271,
    0.3101612627506256,
    0.5866237282752991,
    0.6097689270973206,
    0.5492143630981445,
    0.42748865485191345,
    0.4365607500076294,
    0.41878098249435425,
    0.40665924549102783
  ],
  "learning_rate": [
    0.0010000000474974513,
    0.0010000000474974513,
    0.0010000000474974513,
    0.0010000000474974513,
    0.0010000000474974513,
    0.0010000000474974513,
    0.0010000000474974513,
    0.0010000000474974513,
    0.0010000000474974513,
    0.0010000000474974513,
    0.0010000000474974513,
    0.0010000000474974513,
    0.0005000000237487257,
    0.0005000000237487257,
    0.0005000000237487257,
    0.0005000000237487257,
    0.0005000000237487257,
    0.0005000000237487257,
    0.0005000000237487257,
    0.0005000000237487257,
    0.0005000000237487257,
    0.0002500000118743628,
    0.0002500000118743628,
    0.0001250000059371814,
    0.0001250000059371814,
    6.25000029685907e-05,
    6.25000029685907e-05
  ]
}