{
  "accuracy": [
    0.8600605130195618,
    0.9538577795028687,
    0.965960681438446,
    0.9674735069274902,
    0.9667171239852905,
    0.9697428345680237,
    0.9735249876976013,
    0.974281370639801,
    0.9765506982803345,
    0.9780635237693787,
    0.9788199663162231,
    0.9765506982803345,
    0.9780635237693787,
    0.9788199663162231,
    0.9878970980644226
  ],
  "loss": [
    0.36436137557029724,
    0.13939732313156128,
    0.09697335213422775,
    0.08797973394393921,
    0.08794032037258148,
    0.09961715340614319,
    0.08875654637813568,
    0.0922265499830246,
    0.06700628995895386,
    0.06081468239426613,
    0.05697404593229294,
    0.05959473177790642,
    0.0671103224158287,
    0.051338184624910355,
    0.03994661942124367
  ],
  "val_accuracy": [
    0.9666666388511658,
    0.9833333492279053,
    1.0,
    1.0,
    0.9833333492279053,
    1.0,
    1.0,
    1.0,
    1.0,
    1.0,
    1.0,
    1.0,
    1.0,
    1.0,
    1.0
  ],
  "val_loss": [
    0.053804364055395126,
    0.043526697903871536,
    0.02550540678203106,
    0.016668882220983505,
    0.04157118499279022,
    0.013658232055604458,
    0.019129673019051552,
    0.010370681993663311,
    0.014586045406758785,
    0.018255075439810753,
    0.010151454247534275,
    0.008836553432047367,
    0.012070590630173683,
    0.013597979210317135,
    0.008091656491160393
  ],
  "learning_rate": [
    0.0010000000474974513,
    0.0010000000474974513,
    0.0010000000474974513,
    0.0010000000474974513,
    0.0010000000474974513,
    0.0010000000474974513,
    0.0010000000474974513,
    0.0010000000474974513,
    0.0010000000474974513,
    0.0010000000474974513,
    0.0005000000237487257,
    0.0005000000237487257,
    0.0005000000237487257,
    0.0005000000237487257,
    0.0002500000118743628
  ]
}